time,lat,lng,weight
2016-04-24-04:37:07.173,0.27794205055555554,0.3769642925494361,-127
2016-04-18-06:20:56.609,0.2779281027777778,0.3769686757571027,-86
2016-04-24-05:15:59.630,0.27793718694444447,0.376967316164468,-75
2016-04-24-08:29:24.409,0.2779346261111111,0.3769742425260064,-74
2016-04-24-04:28:05.160,0.2779392438888889,0.3769682246286771,-88
2016-04-19-11:57:58.860,0.2779329586111111,0.37696129481223284,-74
2016-04-24-05:07:13.209,0.2779334891666667,0.37697133761692125,-77
2016-04-19-11:58:20.735,0.27793330027777774,0.37696143752769207,-71.00000000000001
2016-04-24-04:46:13.578,0.27793766194444447,0.37697559843046025,-89
2016-04-24-04:28:27.174,0.2779399488888889,0.37696840274420634,-90
2016-04-24-05:21:00.157,0.2779307541666667,0.37696209489373533,-127
2016-04-24-04:33:42.156,0.2779470447222222,0.37696660041347924,-127
2016-04-24-04:42:45.147,0.2779386266666667,0.37697242892365146,-84
2016-04-18-06:24:17.254,0.2779293825,0.3769660109484505,-82
2016-04-24-04:36:05.828,0.2779433688888889,0.37696518168008036,-64
2016-04-24-04:54:04.311,0.27793171194444444,0.37697333189417925,-78
2016-04-24-04:33:38.992,0.27794695416666665,0.3769667646604486,-127
2016-04-24-04:25:49.148,0.27793485166666665,0.37696943201583893,-89
2016-04-24-04:26:29.247,0.27793601166666665,0.3769686228335034,-82
2016-04-18-06:29:10.416,0.2779206325,0.37696155469300696,-127
2016-04-24-04:29:57.150,0.2779434963888889,0.37696955538214894,-87
2016-04-24-04:28:55.716,0.27794102249999997,0.3769687261257588,-84
2016-04-24-05:06:32.182,0.27793302861111113,0.3769729180026846,-84
2016-04-18-06:19:47.354,0.2779277911111111,0.37696965064425725,-73
2016-04-24-05:19:25.149,0.2779342769444444,0.37696192516863464,-127
2016-04-18-06:28:49.406,0.27792107444444447,0.3769619806486805,-88
2016-04-24-04:26:34.145,0.27793618388888885,0.37696853523579693,-85
2016-04-24-05:15:00.654,0.27793778333333335,0.3769677026910332,-75
2016-04-18-06:19:36.369,0.2779275763888889,0.3769700200126952,-71.00000000000001
2016-04-24-04:53:07.167,0.2779329377777778,0.37697377060380205,-85
2016-04-20-11:16:55.019,0.27793220194444446,0.3769648867635407,-64
2016-04-24-05:19:10.166,0.27793483472222225,0.37696194268865046,-84
2016-04-24-04:39:08.262,0.2779402686111111,0.3769685750197592,-78
2016-04-24-04:38:19.151,0.2779407525,0.37696688328319145,-127
2016-04-24-05:40:10.098,0.27792241472222223,0.3769562464275802,-57
2016-04-24-04:38:22.144,0.2779408336111111,0.3769670530048622,-82
2016-04-24-04:24:30.141,0.2779335994444444,0.3769713303171943,-83
2016-04-18-06:40:07.384,0.2779222544444444,0.3769558109717055,-84
2016-04-24-04:40:52.145,0.27793954305555557,0.3769703656563721,-78
2016-04-24-04:21:04.173,0.2779360994444444,0.37697618677751804,-83
2016-04-24-05:16:16.665,0.2779373319444445,0.3769665858137433,-78
2016-04-24-04:47:18.331,0.2779353547222222,0.37697432610687454,-72
2016-04-24-05:19:07.168,0.2779350655555555,0.37696194779865483,-84
2016-04-24-04:34:02.143,0.27794691166666663,0.37696615840608894,-88
2016-04-24-04:31:07.141,0.2779454152777778,0.37697007950578093,-78
2016-04-24-04:51:56.168,0.2779352161111111,0.3769743465458597,-81
2016-04-18-06:17:47.397,0.27792549666666666,0.37697282091692424,-81
2016-04-18-06:21:14.702,0.27792897388888893,0.376967581513743,-87
2016-04-24-04:25:28.153,0.27793443,0.37696977474043475,-74
2016-04-24-05:17:10.159,0.2779368838888889,0.3769646356462077,-76
2016-04-24-05:22:40.794,0.2779288302777778,0.3769628800076733,-50
2016-04-24-08:21:30.443,0.27793601,0.37696815126548094,-78
2016-04-24-03:43:45.385,0.2779759147222222,0.3770089075293328,-50
2016-04-24-05:21:18.157,0.27793001305555554,0.37696212628374104,-127
2016-04-24-04:32:45.132,0.27794597944444444,0.3769685826845586,-83
2016-04-19-11:57:53.175,0.27793341194444443,0.37696173500338237,-76
2016-04-24-04:35:49.905,0.27794506583333334,0.3769654692963642,-127
2016-04-24-05:16:35.670,0.277936615,0.3769652627090676,-85
2016-04-24-04:45:56.707,0.27793766194444447,0.37697559843046025,-88
2016-04-24-04:33:12.160,0.27794650666666665,0.376967824233255,-86
2016-04-19-12:29:31.212,0.2779319547222222,0.3769655941246465,-71.00000000000001
2016-04-24-07:56:59.578,0.2779219980555555,0.37696099733600885,-72
2016-04-24-05:16:20.663,0.27793731694444446,0.3769662292149234,-85
2016-04-24-07:57:21.971,0.2779226152777778,0.37696137730250845,-79
2016-04-24-04:32:26.185,0.2779461141666667,0.3769693057295518,-84
2016-04-24-04:31:40.170,0.27794603194444445,0.37696950720359734,-83
2016-04-24-04:26:15.156,0.2779355055555556,0.37696884255761315,-81
2016-04-18-06:17:15.624,0.2779244136111111,0.37697245009276414,-79
2016-04-24-04:28:51.160,0.2779408561111111,0.3769686680923062,-83
2016-04-24-04:27:42.150,0.27793835527777777,0.3769680706024389,-81
2016-04-18-06:18:09.853,0.2779262613888889,0.37697324283822,-83
2016-04-24-05:15:54.631,0.27793715527777774,0.37696750632539433,-77
2016-04-24-04:42:13.155,0.27793857888888884,0.37697242527380426,-84
2016-04-24-04:44:46.563,0.27793851166666667,0.3769741140523021,-88
2016-04-18-06:18:39.641,0.2779269180555556,0.37697250593541465,-64.99999999999999
2016-04-19-12:31:23.174,0.2779295263888889,0.3769661777507727,-69
2016-04-18-08:37:33.098,0.2779218588888889,0.37695584820266553,-53
2016-04-24-05:03:25.532,0.2779312261111111,0.3769735636585121,-47
2016-04-24-07:57:40.139,0.2779229691666667,0.37696214964374275,-83
2016-04-24-05:07:27.166,0.2779335866666667,0.3769707342937591,-72
2016-04-24-04:53:46.100,0.2779321975,0.3769733877366291,-78
2016-04-19-12:29:07.187,0.2779321975,0.37696504699670463,-68
2016-04-24-04:41:38.157,0.2779390783333333,0.3769719153896176,-86
2016-04-24-05:06:40.179,0.27793316805555557,0.3769725997364395,-127
2016-04-24-08:29:44.695,0.2779347475,0.37697411259237323,-75
2016-04-24-05:07:18.183,0.2779335247222222,0.3769711401592317,-76
2016-04-20-12:46:39.791,0.2779318333333333,0.37696572406279094,-68
2016-04-24-05:18:31.154,0.2779360136111111,0.37696209306873485,-77
2016-04-18-06:19:13.200,0.27792734055555557,0.3769713909049211,-83
2016-04-18-06:19:43.362,0.2779276841666667,0.3769698221889567,-73
2016-04-24-04:52:43.159,0.2779342419444445,0.37697341912519,-90
2016-04-24-05:05:32.970,0.2779318333333333,0.3769732019600639,-78
2016-04-24-04:20:35.940,0.27793530527777777,0.376975736757842,-80
2016-04-24-05:17:37.176,0.27793694472222225,0.3769637979782454,-87
2016-04-24-05:20:32.163,0.27793193000000005,0.37696218906374057,-81
2016-04-24-04:56:14.513,0.2779312261111111,0.3769735636585121,-88
2016-04-24-04:30:17.198,0.27794435333333334,0.37696961743026974,-84
2016-04-24-05:20:35.177,0.2779318505555556,0.3769622310387312,-79
2016-04-24-04:35:56.613,0.2779438547222222,0.37696523788938063,-88
2016-04-24-04:38:54.145,0.27794044444444443,0.3769680508929133,-89
2016-04-24-05:17:06.163,0.27793683888888887,0.3769644400081073,-79
2016-04-24-08:29:34.543,0.27793450472222225,0.3769743720945889,-71.00000000000001
2016-04-24-04:35:01.802,0.2779449475,0.3769655072558486,-63
2016-04-24-04:24:34.145,0.2779337025,0.3769711485539242,-76
2016-04-18-06:28:43.520,0.2779214061111111,0.37696191348862346,-88
2016-04-24-04:38:14.146,0.27794066444444443,0.3769667190363015,-127
2016-04-18-06:18:16.424,0.27792661305555555,0.3769732019600639,-127
2016-04-24-04:23:52.132,0.2779333816666667,0.3769725063003993,-81
2016-04-18-06:16:50.152,0.2779240622222222,0.37697230847866536,-70
2016-04-18-04:28:46.255,0.2779241922222222,0.3769719321789491,-127
2016-04-24-04:23:43.576,0.27793340833333335,0.3769728840591712,-77
2016-04-24-05:19:03.166,0.277935245,0.37696188574859446,-80
2016-04-24-04:37:21.169,0.27794166249999996,0.3769646312662519,-127
2016-04-24-04:37:35.193,0.2779413213888889,0.3769650824012848,-127
2016-04-18-06:18:13.352,0.2779264547222222,0.37697324575808805,-83
2016-04-24-04:29:31.299,0.2779423747222222,0.37696902468758137,-74
2016-04-24-05:16:51.162,0.27793676444444443,0.37696474843004163,-85
2016-04-24-04:31:35.136,0.2779459127777778,0.3769696316648363,-84
2016-04-24-04:36:19.677,0.277943005,0.3769647082804627,-80
2016-04-24-05:21:04.182,0.2779305644444444,0.3769621109537388,-127
2016-04-24-04:38:36.163,0.2779407738888889,0.37696743734188914,-76
2016-04-24-04:24:02.580,0.2779334538888889,0.3769721657695295,-79
2016-04-24-04:20:41.901,0.2779368586111111,0.3769768389943507,-81
2016-04-24-04:30:15.161,0.2779441786111111,0.3769695900561007,-84
2016-04-24-07:57:14.036,0.27792226555555555,0.3769615441079809,-70
2016-04-24-04:38:43.150,0.27794071305555557,0.37696761436301435,-84
2016-04-24-04:25:08.148,0.2779340327777778,0.3769701119897296,-78
2016-04-18-06:21:45.955,0.27792893472222224,0.37696779101902017,-89
2016-04-24-05:18:59.174,0.27793540222222224,0.3769618215085154,-85
2016-04-24-04:28:10.159,0.2779394305555556,0.37696827864733484,-89
2016-04-18-06:39:48.584,0.27792176999999996,0.37695605735295334,-78
2016-04-24-05:06:49.163,0.2779332513888889,0.37697224132143536,-86
2016-04-24-04:46:24.391,0.27793729749999996,0.3769754130205492,-70
2016-04-24-04:39:27.448,0.2779401530555555,0.37696893344011917,-81
2016-04-24-04:40:13.184,0.2779400011111111,0.3769690086280305,-79
2016-04-24-04:31:22.137,0.27794572361111114,0.3769699218308228,-82
2016-04-24-04:27:52.163,0.27793870805555554,0.376968104181627,-84
2016-04-18-06:18:22.365,0.2779267844444444,0.3769732304287804,-127
2016-04-24-05:16:40.140,0.27793673555555554,0.3769651061260006,-85
2016-04-24-04:24:42.195,0.27793373666666665,0.3769709361316186,-73
2016-04-18-06:17:57.364,0.2779258561111111,0.3769729614357754,-83
2016-04-24-05:15:01.692,0.2779381536111111,0.3769676716667326,-72
2016-04-24-04:52:09.181,0.2779349902777778,0.3769740487204778,-85
2016-04-24-04:53:38.395,0.2779319547222222,0.3769736476045943,-71.00000000000001
2016-04-24-03:43:40.455,0.27797567166666665,0.37700887942968575,-53
2016-04-24-05:06:29.207,0.2779329022222222,0.3769730687410258,-84
2016-04-24-08:30:20.216,0.2779346261111111,0.3769742425260064,-74
2016-04-24-04:28:37.215,0.27794031694444443,0.3769685184462329,-81
2016-04-24-05:19:16.147,0.27793464777777777,0.37696193575364434,-84
2016-04-24-05:17:26.185,0.27793704583333334,0.3769643002143691,-86
2016-04-24-04:31:30.185,0.27794583527777783,0.3769697772953554,-85
2016-04-24-04:24:52.148,0.2779337777777778,0.376970579904109,-71.00000000000001
2016-04-24-04:41:25.197,0.27793913555555555,0.3769714065993299,-127
2016-04-24-04:41:02.176,0.27793940666666667,0.37697098686479763,-84
2016-04-24-04:29:42.148,0.277942825,0.3769692447763206,-77
2016-04-24-04:52:52.351,0.27793371305555553,0.37697325378772484,-82
2016-04-24-05:06:02.399,0.2779326833333333,0.37697344357906615,-64
2016-04-24-05:21:22.169,0.2779298188888889,0.3769621518337428,-127
2016-04-24-04:24:13.140,0.2779335869444445,0.37697185881686146,-82
2016-04-24-04:54:19.709,0.27793146944444447,0.3769733037904579,-77
2016-04-24-04:29:26.949,0.2779421847222222,0.3769690192127347,-81
2016-04-24-04:24:57.138,0.2779338738888889,0.3769704328141155,-68
2016-04-19-12:07:18.972,0.27793388527777774,0.37696183428353247,-68
2016-04-24-04:24:08.148,0.2779334986111111,0.37697200298611727,-78
2016-04-24-04:33:47.149,0.2779470508333334,0.3769664314214827,-86
2016-04-24-05:07:08.886,0.27793342777777774,0.3769715058755665,-76
2016-04-24-05:18:53.181,0.27793556638888894,0.37696180763849607,-77
2016-04-24-04:37:45.169,0.2779408408333333,0.3769655787948609,-127
2016-04-24-04:23:46.157,0.27793332833333334,0.3769727212762355,-82
2016-04-24-05:16:29.659,0.27793676,0.3769655072558486,-86
2016-04-19-12:40:51.933,0.27792153583333334,0.37695642929691653,-81
2016-04-19-11:57:55.926,0.27793273055555556,0.37696119553186447,-76
2016-04-18-06:20:14.644,0.27792794805555554,0.3769687286806904,-81
2016-04-24-04:37:28.152,0.2779415136111111,0.3769647619348986,-127
2016-04-24-04:25:59.143,0.2779350291666667,0.3769691188549268,-89
2016-04-24-04:42:49.146,0.2779386108333333,0.3769726004664084,-86
2016-04-24-04:33:23.153,0.2779466572222222,0.3769674497516218,-127
2016-04-24-05:16:42.182,0.2779367816666667,0.37696492070816046,-84
2016-04-24-04:20:58.181,0.2779363608333333,0.3769763411636401,-83
2016-04-24-04:41:57.152,0.2779390788888889,0.3769725176149216,-86
2016-04-24-05:07:22.185,0.27793353277777777,0.37697094306637025,-73
2016-04-24-04:30:41.160,0.2779451047222222,0.3769698641626415,-85
2016-04-24-04:52:38.180,0.27793455805555556,0.37697359395210156,-90
2016-04-19-11:58:59.736,0.2779330752777778,0.37696187662358427,-74
2016-04-24-04:28:01.156,0.2779390586111111,0.37696820710910983,-88
2016-04-24-04:51:50.167,0.2779355036111111,0.3769745480157661,-80
2016-04-24-04:34:13.155,0.27794655166666665,0.37696612701659904,-86
2016-04-24-05:15:07.643,0.27793795916666664,0.3769676110780874,-80
2016-04-18-06:23:52.845,0.27792909944444444,0.3769663423630187,-74
2016-04-24-04:31:58.187,0.2779458938888889,0.37696937872741343,-85
2016-04-24-04:44:41.829,0.2779382688888889,0.37697437391949806,-88
2016-04-24-04:42:24.315,0.2779385138888889,0.376972271980173,-84
2016-04-21-11:43:09.639,0.2779319997222222,0.3769614072326015,-82
2016-04-18-06:19:19.062,0.2779275577777778,0.3769709058377008,-83
2016-04-24-04:20:28.128,0.2779368119444444,0.37697535681357996,-79
2016-04-24-04:27:13.157,0.2779372686111111,0.3769678413878581,-78
2016-04-24-05:04:36.461,0.27793171194444444,0.37697333189417925,-75
2016-04-24-04:52:50.144,0.2779340416666667,0.37697334539856375,-82
2016-04-24-04:27:34.147,0.277937985,0.3769679888443964,-64.99999999999999
2016-04-24-04:55:29.171,0.27793174861111114,0.3769741264616969,-90
2016-04-18-08:36:39.651,0.27792175527777774,0.3769560799835149,-59
2016-04-24-04:24:18.134,0.27793357583333334,0.3769716865436144,-80
2016-04-24-08:30:04.908,0.2779347475,0.37697411259237323,-71.00000000000001
2016-04-24-08:20:39.324,0.2779359041666667,0.37696828156726203,-78
2016-04-18-06:19:33.356,0.27792749222222224,0.3769701922871124,-79
2016-04-24-04:37:41.155,0.2779409947222222,0.37696547258131985,-127
2016-04-24-04:47:06.064,0.2779363261111111,0.37697415018553826,-76
2016-04-20-11:16:33.493,0.2779322169444445,0.37696505174164874,-63
2016-04-18-06:21:21.814,0.2779289786111111,0.37696799249430957,-88
2016-04-24-04:32:54.149,0.2779462338888889,0.37696830346671417,-74
2016-04-24-04:32:15.135,0.2779459602777778,0.37696958531124436,-77
2016-04-24-04:52:01.183,0.27793506833333337,0.37697423011661746,-82
2016-04-24-04:51:44.167,0.2779356877777778,0.37697463743623316,-77
2016-04-24-04:35:21.663,0.2779449475,0.3769655072558486,-73
2016-04-24-05:23:01.468,0.27792904055555556,0.3769626701332033,-49.00000000000001
2016-04-24-04:27:38.160,0.27793814833333336,0.37696802242359573,-73
2016-04-24-04:24:47.179,0.2779337261111111,0.37697075035319705,-73
2016-04-24-04:31:13.160,0.27794557194444447,0.37697001709278877,-84
2016-04-24-04:30:59.172,0.2779452358333333,0.37696997475414173,-78
2016-04-24-04:47:10.209,0.2779363261111111,0.3769738625794305,-76
2016-04-18-06:21:08.625,0.2779291280555556,0.3769677110858432,-86
2016-04-24-04:24:25.146,0.27793357138888886,0.3769714927360668,-79
2016-04-24-05:23:17.974,0.2779289191666666,0.3769625124534832,-53
2016-04-24-05:18:44.167,0.27793570916666666,0.37696191202862195,-78
2016-04-24-05:05:38.329,0.2779319547222222,0.3769733599978975,-78
2016-04-24-05:07:02.163,0.27793335916666667,0.3769717544309678,-84
2016-04-24-04:40:37.157,0.27793962972222225,0.37696984591321414,-82
2016-04-18-06:17:59.351,0.2779259061111111,0.3769731187437965,-83
2016-04-24-04:43:33.235,0.27793863333333335,0.3769739844835833,-86
2016-04-24-04:37:53.144,0.277940655,0.37696593210967666,-84
2016-04-24-05:16:57.220,0.2779367227777778,0.3769645710418522,-88
2016-04-19-12:09:16.997,0.27793432416666664,0.3769618412185414,-67
2016-04-24-04:32:59.179,0.27794635444444443,0.37696817061000737,-84
2016-04-24-04:32:40.161,0.2779459855555556,0.3769687724795131,-88
2016-04-24-04:42:03.147,0.2779389533333333,0.3769726453594931,-86
2016-04-18-06:29:15.338,0.2779206533333333,0.3769613689074817,-127
2016-04-24-05:20:55.144,0.2779309336111111,0.37696206788372716,-81
2016-04-18-06:22:04.838,0.27792894055555556,0.37696796293001117,-90
2016-04-24-04:30:09.154,0.27794401444444444,0.37696959115106754,-84
2016-04-24-04:26:45.143,0.27793645916666665,0.37696829762686046,-74
2016-04-24-04:45:39.833,0.27793778333333335,0.3769751808929827,-86
2016-04-24-04:29:11.156,0.27794155444444446,0.37696895971939176,-127
2016-04-18-06:19:25.617,0.27792769944444445,0.37697036237148196,-83
2016-04-24-07:57:00.092,0.2779222411111111,0.3769618883035972,-72
2016-04-24-05:15:23.644,0.2779374275,0.3769674555914956,-86
2016-04-24-04:38:50.176,0.27794053333333335,0.3769678913916942,-89
2016-04-24-05:19:38.148,0.2779339430555555,0.37696179230847393,-84
2016-04-24-05:19:19.149,0.27793445222222224,0.376961918233628,-127
2016-04-24-07:57:06.021,0.2779223444444444,0.37696252559346377,-69
2016-04-24-05:22:45.881,0.27792928333333333,0.37696327384119427,-50
2016-04-21-11:42:56.598,0.27793074055555556,0.37696200291369536,-127
2016-04-24-04:26:20.138,0.2779356841666667,0.3769687702895722,-85
2016-04-19-12:29:54.105,0.2779319547222222,0.37696616935591004,-78
2016-04-24-04:52:54.268,0.27793348,0.3769733180248107,-82
2016-04-18-06:19:05.341,0.27792707,0.3769716661044076,-127
2016-04-24-05:20:00.173,0.27793296749999996,0.3769617988784836,-78
2016-04-24-04:46:37.057,0.2779370547222222,0.3769753845520859,-76
2016-04-24-04:41:10.172,0.27793927194444445,0.3769711022006189,-85
2016-04-18-06:18:04.427,0.2779260663888889,0.3769731869957372,-82
2016-04-24-05:20:47.168,0.27793107694444447,0.3769621843187411,-80
2016-04-24-04:40:58.163,0.27793941666666666,0.37697081751083517,-84
2016-04-24-04:37:38.163,0.27794119444444443,0.37696525248919677,-127
2016-04-24-04:25:14.154,0.277934185,0.3769699973834195,-80
2016-04-24-05:14:55.120,0.2779382688888889,0.376967470921164,-64.99999999999999
2016-04-24-04:52:39.164,0.27793440472222225,0.37697352205044315,-90
2016-04-24-05:06:16.421,0.27793316888888886,0.3769734994214906,-77
2016-04-24-05:19:32.151,0.27793410138888885,0.3769618747985821,-87
2016-04-20-11:16:27.917,0.27793248277777777,0.3769651156158863,-68
2016-04-24-08:30:10.160,0.2779346261111111,0.3769742425260064,-72
2016-04-24-04:41:27.151,0.27793910583333337,0.3769715733979838,-127
2016-04-24-04:52:58.157,0.2779331286111111,0.3769734946767099,-85
2016-04-24-04:53:01.184,0.27793299944444444,0.37697360563155674,-85
2016-04-21-11:29:36.212,0.2779321975,0.37696475901492954,-60
2016-04-24-04:43:08.965,0.27793875472222224,0.3769732793365679,-54
2016-04-24-04:34:22.138,0.2779461544444445,0.37696603540306495,-87
2016-04-24-05:15:45.623,0.2779373163888889,0.3769673712783025,-79
2016-04-24-05:16:25.662,0.2779367752777778,0.37696572953771124,-82
2016-04-24-05:01:33.063,0.2779312261111111,0.3769735636585121,-60
2016-04-18-06:22:36.093,0.2779280691666667,0.3769688863564154,-82
2016-04-24-04:41:20.160,0.2779391463888889,0.3769712255660892,-85
2016-04-24-04:37:12.169,0.2779418563888889,0.3769646079064865,-127
2016-04-19-11:57:53.916,0.27793323416666665,0.376961278752176,-76
2016-04-24-04:44:52.417,0.2779382688888889,0.37697437391949806,-89
2016-04-24-04:40:54.155,0.27793942694444446,0.3769706145779159,-79
2016-04-24-04:26:56.150,0.27793678,0.37696808629706,-77
2016-04-24-04:25:43.130,0.27793471305555556,0.376969548447358,-88
2016-04-24-05:06:35.151,0.27793309972222224,0.37697275229989746,-84
2016-04-24-04:34:51.340,0.27794482611111115,0.37696534921295677,-127
2016-04-18-06:17:10.112,0.2779241836111111,0.376972178544008,-87
2016-04-24-08:30:15.159,0.2779347475,0.37697411259237323,-76
2016-04-24-04:34:17.162,0.2779463413888889,0.3769660992770465,-87
2016-04-24-04:23:41.157,0.27793353499999995,0.3769730716608959,-77
2016-04-24-04:45:28.165,0.2779382688888889,0.3769749491301776,-83
2016-04-24-04:26:04.173,0.2779351505555555,0.37696900607310185,-79
2016-04-24-05:20:42.259,0.27793154583333335,0.37696225476372275,-79
2016-04-24-05:23:09.776,0.2779289191666666,0.3769625124534832,-52
2016-04-24-04:29:52.156,0.27794331333333333,0.376969545527446,-82
2016-04-24-04:29:21.160,0.2779419722222222,0.3769690330823462,-127
2016-04-24-04:45:49.425,0.27793778333333335,0.37697546849754515,-88
2016-04-24-04:42:10.155,0.27793868083333334,0.37697255630328463,-85
2016-04-24-08:29:49.917,0.27793450472222225,0.3769743720945889,-74
2016-04-24-04:25:34.158,0.27793457666666666,0.3769696531991792,-80
2016-04-18-06:39:42.941,0.2779219525,0.3769562402224307,-84
2016-04-24-04:25:54.159,0.2779349361111111,0.3769692776253692,-89
2016-04-24-04:40:28.157,0.27793976916666663,0.3769694849392636,-75
2016-04-24-05:16:30.665,0.27793659972222223,0.3769654671063938,-86
2016-04-24-04:53:29.973,0.2779326833333333,0.376973731185665,-68
2016-04-24-04:20:52.312,0.27793667944444445,0.37697653095259326,-79
2016-04-24-04:27:26.203,0.2779376575,0.37696790234143784,-75
2016-04-24-05:19:46.553,0.27793353694444445,0.37696179486347775,-85
2016-04-24-03:43:01.329,0.2779759147222222,0.3770089075293328,-56
2016-04-24-05:17:41.162,0.27793684472222224,0.3769636311743053,-87
2016-04-24-04:27:56.162,0.27793889694444446,0.37696813849079275,-87
2016-04-24-04:28:40.150,0.2779405452777778,0.37696854472554997,-80
2016-04-24-04:25:22.149,0.2779342933333333,0.3769698663525727,-76
2016-04-19-12:01:38.753,0.2779334961111111,0.3769619054586153,-85
2016-04-24-07:53:26.542,0.27792175527777774,0.37695579235622345,-58
2016-04-24-04:45:11.566,0.2779382688888889,0.3769749491301776,-76
2016-04-18-06:31:01.188,0.2779204022222222,0.37696161528314787,-84
2016-04-24-04:30:36.149,0.27794489722222226,0.3769698156191619,-85
2016-04-19-12:31:34.909,0.27792928333333333,0.3769661500112258,-71.00000000000001
2016-04-24-04:29:06.237,0.27794139,0.37696884766747374,-127
2016-04-24-04:51:53.157,0.2779353697222222,0.37697442100214873,-80
2016-04-24-04:40:33.147,0.27793969500000004,0.376969687873117,-82
2016-04-20-11:29:45.133,0.2779321705555555,0.3769649488128421,-65.99999999999999
2016-04-24-04:43:24.945,0.2779383902777778,0.3769736687736018,-77
2016-04-24-05:23:13.473,0.27792904055555556,0.3769626701332033,-51
2016-04-18-06:28:46.602,0.27792124333333335,0.37696196349366773,-88
2016-04-19-12:40:58.026,0.27792151750000005,0.3769562551877911,-81
2016-04-24-04:27:07.207,0.27793710972222224,0.3769678939466344,-72
2016-04-24-05:21:13.159,0.27793019555555554,0.37696206021872425,-127
2016-04-24-04:38:59.225,0.2779403438888889,0.3769682129489657,-127
2016-04-24-04:29:47.469,0.2779431322222222,0.37696944844035113,-76
2016-04-18-08:37:47.065,0.2779217588888889,0.3769561668556508,-52
2016-04-19-11:57:47.133,0.27793316888888886,0.3769617072633332,-73
2016-04-24-04:29:01.147,0.2779412175,0.3769687921889807,-84
2016-04-24-07:57:28.020,0.27792281944444447,0.37696170616833113,-64.99999999999999
2016-04-24-04:32:36.167,0.27794605055555555,0.37696894037492756,-88
2016-04-18-08:36:26.293,0.2779213833333333,0.37695572592449145,-57
2016-04-24-05:06:45.217,0.2779332236111111,0.3769724260037738,-84
2016-04-24-04:45:34.320,0.2779381475,0.3769750790633678,-127
2016-04-24-04:33:32.138,0.2779467944444445,0.3769670989939399,-127
2016-04-24-04:32:49.183,0.27794606666666666,0.376968437418321,-84
2016-04-24-05:16:21.663,0.2779371775,0.3769660890572106,-85
2016-04-24-04:30:05.150,0.2779438313888889,0.37696960684559133,-84
2016-04-24-04:46:06.423,0.27793778333333335,0.37697546849754515,-90
2016-04-24-04:41:43.260,0.27793906777777777,0.37697216759445507,-86
2016-04-24-05:20:25.191,0.277932305,0.37696197772867834,-81
2016-04-19-12:03:48.723,0.27793345,0.37696210839873834,-81
2016-04-19-11:58:32.752,0.27793318638888886,0.37696175544341654,-71.00000000000001
2016-04-24-05:15:42.625,0.27793722555555556,0.3769672325812119,-127
2016-04-24-04:26:26.204,0.27793583722222226,0.3769687034963639,-83
2016-04-24-04:20:25.034,0.27793656888888885,0.3769753287100905,-79
2016-04-24-04:54:24.747,0.2779312261111111,0.3769735636585121,-85
2016-04-24-04:29:35.153,0.27794253194444446,0.37696908235595994,-76
2016-04-24-05:05:21.314,0.27793171194444444,0.37697333189417925,-80
2016-04-18-06:18:54.092,0.2779271322222222,0.3769720427695173,-78
2016-04-24-04:26:51.164,0.2779366011111111,0.3769681749899,-76
2016-04-24-04:23:39.210,0.2779337027777778,0.37697316619167176,-127
2016-04-24-04:27:30.144,0.2779378327777778,0.3769679282558295,-70
,0.5,0.5,-10000
2016-04-18-06:24:01.064,0.27792928333333333,0.3769661500112258,-80
2016-04-24-04:26:08.149,0.27793531111111114,0.37696890752583373,-82
2016-04-24-04:32:21.149,0.2779461263888889,0.3769695093935318,-85
2016-04-24-05:18:40.173,0.2779359286111111,0.37696194925865606,-80
2016-04-24-05:19:40.173,0.27793376416666665,0.37696178427846183,-84
2016-04-18-06:17:38.265,0.27792508416666667,0.3769727198162983,-84
2016-04-24-05:06:53.183,0.27793329833333336,0.3769720799980141,-81
2016-04-19-12:29:23.136,0.27793231916666666,0.37696520467479566,-65.99999999999999
2016-04-24-07:57:33.021,0.2779227358333333,0.37696190910861904,-75
2016-04-18-06:19:32.373,0.27792737944444446,0.376970367481311,-79
2016-04-18-08:36:23.351,0.2779215405555555,0.3769556562076545,-57
2016-04-24-04:29:38.144,0.2779426816666667,0.37696915717883606,-76
2016-04-24-04:28:46.146,0.27794069388888887,0.37696861735864773,-80
2016-04-24-04:29:16.286,0.27794179,0.37696898782361077,-127
2016-04-24-04:33:05.133,0.27794643500000005,0.3769680001591271,-87
2016-04-24-04:28:15.156,0.2779395941666667,0.37696834544065877,-89
2016-04-24-05:05:57.397,0.2779321975,0.3769733877366291,-81
2016-04-24-05:19:53.415,0.2779333202777778,0.37696180727349554,-76
2016-04-19-12:41:05.753,0.2779213991666667,0.37695610443911926,-75
2016-04-18-06:17:26.173,0.27792453027777775,0.37697266944846197,-86
2016-04-24-04:43:38.353,0.27793851166666667,0.3769741140523021,-88
2016-04-19-11:57:55.732,0.27793296333333334,0.3769615097978929,-76
2016-04-20-12:46:16.795,0.2779318333333333,0.37696572406279094,-69
2016-04-24-05:06:28.196,0.2779327955555555,0.37697294099667483,-84
2016-04-24-04:43:17.443,0.27793851166666667,0.3769732512328404,-68
2016-04-24-05:20:10.194,0.2779324727777778,0.37696195509866093,-78
2016-04-24-04:40:22.177,0.27793995277777783,0.37696917360336685,-80
2016-04-24-04:30:02.159,0.27794365416666666,0.37696961998519196,-83
2016-04-24-04:40:24.138,0.27793985666666665,0.3769693301838378,-76
2016-04-24-07:57:19.018,0.27792248722222224,0.3769615050528804,-69
2016-04-24-04:34:07.178,0.2779467172222222,0.37696611862173474,-86
2016-04-24-05:19:55.180,0.27793314305555555,0.37696181128850126,-76
2016-04-24-04:53:59.251,0.2779319547222222,0.3769730720258797,-79
2016-04-24-04:46:59.493,0.2779368119444444,0.3769750692088867,-89
2016-04-24-05:14:56.819,0.27793754027777773,0.3769676745866669,-77
2016-04-24-05:15:35.644,0.27793716305555555,0.3769674647162983,-127
2016-04-24-05:15:10.659,0.27793775416666666,0.37696757932379144,-80
2016-04-24-04:37:49.151,0.2779407566666667,0.3769657488824286,-85
2016-04-18-06:19:50.352,0.2779278652777778,0.37696949990381595,-69
2016-04-18-04:23:38.699,0.2779241836111111,0.37697189093558914,-57
2016-04-24-05:17:50.154,0.27793669555555556,0.3769633030410594,-74
2016-04-24-04:34:37.433,0.27794581333333335,0.3769659065600686,-127
2016-04-24-04:33:27.137,0.27794671444444446,0.3769672891550346,-127
2016-04-24-04:38:05.153,0.2779406480555555,0.3769663076886079,-88
2016-04-24-05:16:23.665,0.2779369727777778,0.37696590181514117,-83
2016-04-24-07:53:30.489,0.2779219980555555,0.37695610808920926,-60
2016-04-24-04:37:32.153,0.27794142694444446,0.3769649400529417,-127
2016-04-24-04:25:03.196,0.27793391472222223,0.37697025470006,-67
2016-04-24-07:57:12.534,0.27792229444444444,0.3769618142085054,-68
2016-04-18-06:17:54.351,0.2779256905555556,0.3769729417266427,-75
2016-04-21-11:45:23.886,0.2779337752777778,0.3769618247935199,-82
2016-04-18-06:17:27.161,0.27792490194444447,0.3769725789323242,-86
2016-04-24-05:20:45.161,0.2779312597222222,0.376962198918739,-80
2016-04-19-12:29:48.390,0.2779319547222222,0.3769658817404468,-78
2016-04-24-05:21:08.170,0.27793038166666667,0.3769620642337258,-127
2016-04-24-04:34:28.168,0.2779459977777778,0.3769659452494741,-127
2016-04-18-06:24:29.542,0.2779293436111111,0.3769657853818914,-87
2016-04-24-04:38:29.058,0.2779408544444445,0.37696724207101534,-78
2016-04-24-04:27:46.159,0.27793852277777775,0.3769680607476763,-83
2016-04-24-04:52:19.172,0.2779348616666667,0.376973922436567,-89
2016-04-24-04:45:23.680,0.2779382688888889,0.37697466152500636,-83
2016-04-24-05:17:22.178,0.27793700777777774,0.3769644936626019,-84
2016-04-24-07:53:18.600,0.2779219980555555,0.37695582046195075,-59
2016-04-24-04:23:57.156,0.2779334086111111,0.3769723300127733,-81
2016-04-24-04:39:15.167,0.2779402177777778,0.3769687378054458,-80
2016-04-24-05:17:33.166,0.27793704666666663,0.3769639622270909,-85
2016-04-24-04:27:20.184,0.2779374769444445,0.37696788555183053,-75
2016-04-24-04:52:26.204,0.27793474166666665,0.3769737388503033,-89
2016-04-24-04:33:16.153,0.2779465944444444,0.37696762312281923,-127
2016-04-24-04:41:53.215,0.27793910583333337,0.3769723380424403,-86
2016-04-24-04:27:01.136,0.27793694472222225,0.37696798628945716,-82
2016-04-24-05:17:45.172,0.2779367788888889,0.3769634523253158,-87
2016-04-21-11:43:04.819,0.27793230055555557,0.3769614159926281,-81
2016-04-20-12:46:24.862,0.2779319547222222,0.3769655941246465,-70
2016-04-24-07:53:38.490,0.2779219980555555,0.37695582046195075,-60
2016-04-24-04:30:30.966,0.27794473194444447,0.3769698017495945,-87
2016-04-24-04:20:54.456,0.27793667944444445,0.37697653095259326,-81
2016-04-24-04:36:16.126,0.27794356472222226,0.3769649447978877,-78
2016-04-24-05:20:02.155,0.2779327483333333,0.37696187771858547,-75
2016-04-18-06:18:47.735,0.27792704083333336,0.37697225811074453,-78
2016-04-24-05:17:29.167,0.27793708333333333,0.376964136695744,-84
2016-04-24-04:35:07.423,0.27794482611111115,0.37696534921295677,-76
2016-04-24-04:35:29.438,0.2779439958333333,0.3769654605364824,-75
2016-04-18-04:28:56.713,0.27792427527777774,0.376971697128203,-59
2016-04-24-04:40:47.169,0.2779396347222222,0.3769702222161302,-81
2016-04-24-05:06:58.164,0.2779333727777778,0.37697191867448687,-83
2016-04-24-04:26:41.096,0.2779363455555556,0.3769684355933677,-76
2016-04-24-04:52:56.155,0.27793333888888894,0.3769734202201398,-85
2016-04-18-06:17:42.365,0.2779252947222222,0.37697277821377684,-84
2016-04-18-06:28:54.435,0.27792088277777777,0.3769619762686773,-127
2016-04-24-04:32:31.145,0.2779461113888889,0.37696913381950165,-87
2016-04-24-04:40:44.163,0.2779395938888889,0.3769700408170274,-83
2016-04-24-04:28:19.171,0.2779397672222222,0.3769683775598464,-89
2016-04-18-06:29:06.336,0.27792064361111113,0.3769617459534009,-127
2016-04-18-06:28:59.365,0.27792069500000005,0.3769619215186312,-127
2016-04-24-04:41:33.160,0.2779390394444444,0.37697174932116756,-81
2016-04-24-04:33:53.156,0.27794705416666665,0.37696625403451006,-88
2016-04-24-04:37:09.148,0.27794194666666666,0.3769644651928715,-127
2016-04-24-05:20:04.164,0.2779325597222222,0.37696193648364495,-75
2016-04-24-04:39:04.147,0.27794032055555556,0.37696841515389,-127
2016-04-24-04:38:00.153,0.27794067916666665,0.37696612993655176,-88
2016-04-24-05:16:19.655,0.2779373972222222,0.3769663847022925,-85
2016-04-24-05:16:07.657,0.277937295,0.37696676685040753,-85
2016-04-24-04:38:47.163,0.2779406319444444,0.3769677585347642,-86
2016-04-24-04:38:10.152,0.277940655,0.3769665270497974,-127
2016-04-24-04:36:27.212,0.2779435963888889,0.3769650313018891,-81
2016-04-24-05:20:28.177,0.27793210999999995,0.376962125918741,-127
